{
  "cnn": {
    "mae": 0.014144169803975723,
    "rmse": 0.019391838150466603,
    "acc": 0.5,
    "y_pred": [
      -0.0005201171152293682,
      0.0007599795353598893,
      -8.829496800899506e-05,
      -0.00044025410898029804,
      -0.0017621270380914211,
      -0.004216491244733334,
      -0.00469078216701746,
      -0.004042343236505985,
      -0.003485744120553136,
      -0.0033756003249436617,
      -0.004662204533815384,
      -0.004134753718972206,
      -0.004661853425204754,
      -0.004134169779717922,
      -0.0036237335298210382,
      -0.002901502652093768,
      -0.0034570873249322176,
      -0.002650068374350667,
      -0.004090441390872002,
      -0.003253330709412694,
      -0.004305334761738777,
      -0.0023925749119371176,
      -0.0024532342795282602,
      -0.0023807708639651537,
      -0.0021448994521051645,
      -0.002136609284207225,
      -0.004420887678861618,
      -0.004130259156227112,
      -0.004390239715576172,
      -0.0029608465265482664,
      -0.0023076857905834913,
      -0.003416948253288865,
      -0.0022498739417642355,
      -0.0037505936343222857,
      -0.0022215871140360832,
      -0.0019147500861436129,
      -0.001990264281630516,
      -0.0004841273184865713,
      -0.0026212309021502733,
      -0.0006196619942784309,
      -0.0004899060586467385,
      -0.00018375366926193237,
      -0.0006981890182942152,
      -0.0018675229512155056,
      -0.0028678078670054674,
      -0.008748511783778667
    ]
  },
  "att": {
    "mae": 0.031447475940571054,
    "rmse": 0.03563997396800862,
    "acc": 0.4782608695652174,
    "y_pred": [
      -0.03502756357192993,
      -0.0388636440038681,
      -0.040963709354400635,
      -0.0414728969335556,
      -0.04284237325191498,
      -0.04319317638874054,
      -0.04136079549789429,
      -0.03844499588012695,
      -0.03815409541130066,
      -0.0391707569360733,
      -0.03986385464668274,
      -0.03938949108123779,
      -0.0362498015165329,
      -0.032159239053726196,
      -0.02946576476097107,
      -0.0284336656332016,
      -0.02717822790145874,
      -0.02655237913131714,
      -0.025393709540367126,
      -0.023083657026290894,
      -0.022599130868911743,
      -0.020698174834251404,
      -0.018340691924095154,
      -0.018868237733840942,
      -0.01778283715248108,
      -0.018968790769577026,
      -0.020013287663459778,
      -0.02255922555923462,
      -0.025209516286849976,
      -0.02465011179447174,
      -0.02617315948009491,
      -0.025777846574783325,
      -0.02679191529750824,
      -0.02752092480659485,
      -0.027124479413032532,
      -0.02551165223121643,
      -0.025266245007514954,
      -0.02619372308254242,
      -0.02437204122543335,
      -0.02335524559020996,
      -0.025472491979599,
      -0.02803942561149597,
      -0.0280226469039917,
      -0.025897085666656494,
      -0.0233374685049057,
      -0.02548116445541382
    ]
  }
}